person_id;schooltype;schooladvies
DUMMY1_1;1;0
DUMMY1_2;1;3
DUMMY1_3;1;6
DUMMY1_4;1;2
DUMMY1_5;1;5
DUMMY1_6;1;1
DUMMY1_7;1;0
DUMMY1_8;1;5
DUMMY1_9;1;10
DUMMY1_10;2;2
DUMMY1_11;1;3
DUMMY1_12;1;2
DUMMY1_13;1;0
DUMMY1_14;1;5
DUMMY1_15;1;6
DUMMY1_16;1;0
DUMMY1_17;1;1
DUMMY1_18;1;4
DUMMY1_19;1;1
DUMMY1_20;1;2
DUMMY1_21;1;5
DUMMY1_22;1;9
DUMMY1_23;1;7
DUMMY1_24;1;8
DUMMY1_25;1;5
DUMMY1_26;1;10
DUMMY1_27;2;0
DUMMY1_28;1;6
DUMMY1_29;1;0
DUMMY1_30;1;8
DUMMY1_31;1;6
DUMMY1_32;2;3
DUMMY1_33;1;3
DUMMY1_34;1;7
DUMMY1_35;1;6
DUMMY1_36;1;0
DUMMY1_37;1;8
DUMMY1_38;1;2
DUMMY1_39;1;3
DUMMY1_40;2;7
DUMMY1_41;1;2
DUMMY1_42;1;2
DUMMY1_43;1;0
DUMMY1_44;1;10
DUMMY1_45;1;0
DUMMY1_46;1;1
DUMMY1_47;1;8
DUMMY1_48;1;10
DUMMY1_49;1;8
DUMMY1_50;1;0
DUMMY1_51;1;10
DUMMY1_52;1;1
DUMMY1_53;1;8
DUMMY1_54;1;3
DUMMY1_55;1;6
DUMMY1_56;2;6
DUMMY1_57;1;8
DUMMY1_58;1;7
DUMMY1_59;2;1
DUMMY1_60;1;1
DUMMY1_61;1;0
DUMMY1_62;1;0
DUMMY1_63;1;2
DUMMY1_64;1;4
DUMMY1_65;1;4
DUMMY1_66;1;8
DUMMY1_67;1;0
DUMMY1_68;2;3
DUMMY1_69;1;0
DUMMY1_70;1;0
DUMMY1_71;1;4
DUMMY1_72;1;2
DUMMY1_73;1;0
DUMMY1_74;2;3
DUMMY1_75;1;0
DUMMY1_76;1;5
DUMMY1_77;1;5
DUMMY1_78;1;0
DUMMY1_79;1;5
DUMMY1_80;1;6
DUMMY1_81;1;1
DUMMY1_82;1;3
DUMMY1_83;1;0
DUMMY1_84;1;4
DUMMY1_85;1;0
DUMMY1_86;1;0
DUMMY1_87;1;0
DUMMY1_88;1;0
DUMMY1_89;1;3
DUMMY1_90;1;10
DUMMY1_91;1;4
DUMMY1_92;1;0
DUMMY1_93;1;0
DUMMY1_94;1;0
DUMMY1_95;1;0
DUMMY1_96;1;9
DUMMY1_97;1;10
DUMMY1_98;1;1
DUMMY1_99;1;0
DUMMY1_100;1;0
DUMMY1_101;1;9
DUMMY1_102;1;0
DUMMY1_103;1;9
DUMMY1_104;1;6
DUMMY1_105;1;5
DUMMY1_106;1;4
DUMMY1_107;1;6
DUMMY1_108;1;10
DUMMY1_109;1;0
DUMMY1_110;1;6
DUMMY1_111;1;7
DUMMY1_112;1;4
DUMMY1_113;1;7
DUMMY1_114;1;7
DUMMY1_115;1;8
DUMMY1_116;2;5
DUMMY1_117;2;4
DUMMY1_118;1;8
DUMMY1_119;2;6
DUMMY1_120;1;3
DUMMY1_121;1;0
DUMMY1_122;1;0
DUMMY1_123;1;0
DUMMY1_124;1;5
DUMMY1_125;1;6
DUMMY1_126;1;1
DUMMY1_127;1;6
DUMMY1_128;1;0
DUMMY1_129;1;7
DUMMY1_130;1;7
DUMMY1_131;1;4
DUMMY1_132;1;6
DUMMY1_133;1;0
DUMMY1_134;1;10
DUMMY1_135;1;0
DUMMY1_136;1;0
DUMMY1_137;1;3
DUMMY1_138;1;6
DUMMY1_139;1;0
DUMMY1_140;1;0
DUMMY1_141;1;8
DUMMY1_142;1;0
DUMMY1_143;1;9
DUMMY1_144;1;10
DUMMY1_145;1;3
DUMMY1_146;1;0
DUMMY1_147;1;1
DUMMY1_148;2;0
DUMMY1_149;1;5
DUMMY1_150;1;9
DUMMY1_151;1;8
DUMMY1_152;2;0
DUMMY1_153;2;9
DUMMY1_154;1;7
DUMMY1_155;1;0
DUMMY1_156;1;0
DUMMY1_157;1;4
DUMMY1_158;1;2
DUMMY1_159;1;0
DUMMY1_160;1;4
DUMMY1_161;1;0
DUMMY1_162;1;0
DUMMY1_163;1;0
DUMMY1_164;1;5
DUMMY1_165;1;4
DUMMY1_166;2;0
DUMMY1_167;1;7
DUMMY1_168;1;2
DUMMY1_169;1;6
DUMMY1_170;1;4
DUMMY1_171;1;7
DUMMY1_172;1;7
DUMMY1_173;1;5
DUMMY1_174;1;9
DUMMY1_175;1;0
DUMMY1_176;1;9
DUMMY1_177;1;0
DUMMY1_178;1;7
DUMMY1_179;1;8
DUMMY1_180;1;7
DUMMY1_181;1;0
DUMMY1_182;1;3
DUMMY1_183;1;0
DUMMY1_184;1;5
DUMMY1_185;1;1
DUMMY1_186;1;1
DUMMY1_187;1;3
DUMMY1_188;1;7
DUMMY1_189;1;0
DUMMY1_190;2;6
DUMMY1_191;1;5
DUMMY1_192;1;2
DUMMY1_193;1;2
DUMMY1_194;1;0
DUMMY1_195;1;0
DUMMY1_196;1;2
DUMMY1_197;1;9
DUMMY1_198;1;6
DUMMY1_199;1;0
DUMMY1_200;1;7
DUMMY1_201;1;5
DUMMY1_202;1;3
DUMMY1_203;2;0
DUMMY1_204;1;0
DUMMY1_205;1;0
DUMMY1_206;1;9
DUMMY1_207;1;9
DUMMY1_208;1;5
DUMMY1_209;1;6
DUMMY1_210;1;6
DUMMY1_211;1;6
DUMMY1_212;1;1
DUMMY1_213;2;6
DUMMY1_214;1;8
DUMMY1_215;1;0
DUMMY1_216;1;7
DUMMY1_217;1;8
DUMMY1_218;1;0
DUMMY1_219;1;3
DUMMY1_220;2;0
DUMMY1_221;1;7
DUMMY1_222;2;0
DUMMY1_223;1;1
DUMMY1_224;2;3
DUMMY1_225;1;2
DUMMY1_226;1;8
DUMMY1_227;1;3
DUMMY1_228;1;5
DUMMY1_229;1;2
DUMMY1_230;1;0
DUMMY1_231;1;7
DUMMY1_232;1;4
DUMMY1_233;1;7
DUMMY1_234;1;9
DUMMY1_235;1;8
DUMMY1_236;1;0
DUMMY1_237;1;8
DUMMY1_238;1;8
DUMMY1_239;1;0
DUMMY1_240;1;5
DUMMY1_241;1;2
DUMMY1_242;1;1
DUMMY1_243;1;7
DUMMY1_244;1;0
DUMMY1_245;1;3
DUMMY1_246;1;4
DUMMY1_247;1;0
DUMMY1_248;1;1
DUMMY1_249;1;0
DUMMY1_250;1;3
DUMMY1_251;1;8
DUMMY1_252;1;2
DUMMY1_253;1;6
DUMMY1_254;1;0
DUMMY1_255;1;10
DUMMY1_256;1;0
DUMMY1_257;1;5
DUMMY1_258;1;0
DUMMY1_259;1;6
DUMMY1_260;1;8
DUMMY1_261;1;8
DUMMY1_262;1;10
DUMMY1_263;1;4
DUMMY1_264;1;6
DUMMY1_265;1;0
DUMMY1_266;1;8
DUMMY1_267;1;6
DUMMY1_268;1;3
DUMMY1_269;1;7
DUMMY1_270;1;4
DUMMY1_271;1;4
DUMMY1_272;1;6
DUMMY1_273;1;3
DUMMY1_274;1;4
DUMMY1_275;1;2
DUMMY1_276;1;0
DUMMY1_277;1;5
DUMMY1_278;1;9
DUMMY1_279;1;4
DUMMY1_280;1;7
DUMMY1_281;1;2
DUMMY1_282;1;8
DUMMY1_283;1;0
DUMMY1_284;1;7
DUMMY1_285;1;5
DUMMY1_286;1;4
DUMMY1_287;1;9
DUMMY1_288;1;0
DUMMY1_289;1;0
DUMMY1_290;1;9
DUMMY1_291;1;0
DUMMY1_292;1;6
DUMMY1_293;1;5
DUMMY1_294;1;1
DUMMY1_295;1;0
DUMMY1_296;1;8
DUMMY1_297;1;5
DUMMY1_298;1;5
DUMMY1_299;1;0
DUMMY1_300;1;0
DUMMY1_301;1;9
DUMMY1_302;1;0
DUMMY1_303;1;5
DUMMY1_304;1;10
DUMMY1_305;1;4
DUMMY1_306;1;10
DUMMY1_307;1;6
DUMMY1_308;1;4
DUMMY1_309;1;9
DUMMY1_310;1;0
DUMMY1_311;1;7
DUMMY1_312;1;0
DUMMY1_313;1;8
DUMMY1_314;1;0
DUMMY1_315;1;6
DUMMY1_316;1;7
DUMMY1_317;1;9
DUMMY1_318;1;3
DUMMY1_319;1;6
DUMMY1_320;1;10
DUMMY1_321;1;10
DUMMY1_322;1;0
DUMMY1_323;1;3
DUMMY1_324;1;2
DUMMY1_325;1;5
DUMMY1_326;1;0
DUMMY1_327;1;9
DUMMY1_328;1;7
DUMMY1_329;1;9
DUMMY1_330;1;1
DUMMY1_331;1;5
DUMMY1_332;1;0
DUMMY1_333;1;6
DUMMY1_334;1;9
DUMMY1_335;1;0
DUMMY1_336;1;9
DUMMY1_337;1;0
DUMMY1_338;1;2
DUMMY1_339;1;0
DUMMY1_340;1;10
DUMMY1_341;1;0
DUMMY1_342;1;2
DUMMY1_343;1;5
DUMMY1_344;1;3
DUMMY1_345;1;0
DUMMY1_346;1;1
DUMMY1_347;1;5
DUMMY1_348;1;5
DUMMY1_349;2;2
DUMMY1_350;1;0
DUMMY1_351;1;3
DUMMY1_352;1;0
DUMMY1_353;1;5
DUMMY1_354;1;0
DUMMY1_355;1;10
DUMMY1_356;1;6
DUMMY1_357;1;0
DUMMY1_358;1;2
DUMMY1_359;1;0
DUMMY1_360;1;6
DUMMY1_361;1;3
DUMMY1_362;1;6
DUMMY1_363;1;3
DUMMY1_364;1;4
DUMMY1_365;1;10
DUMMY1_366;1;0
DUMMY1_367;1;0
DUMMY1_368;1;5
DUMMY1_369;1;0
DUMMY1_370;1;2
DUMMY1_371;1;0
DUMMY1_372;1;0
DUMMY1_373;1;9
DUMMY1_374;1;2
DUMMY1_375;1;4
DUMMY1_376;1;0
DUMMY1_377;1;5
DUMMY1_378;1;9
DUMMY1_379;1;5
DUMMY1_380;1;0
DUMMY1_381;1;2
DUMMY1_382;1;0
DUMMY1_383;1;10
DUMMY1_384;1;5
DUMMY1_385;1;5
DUMMY1_386;1;1
DUMMY1_387;1;8
DUMMY1_388;1;0
DUMMY1_389;1;2
DUMMY1_390;2;2
DUMMY1_391;1;1
DUMMY1_392;1;4
DUMMY1_393;1;0
DUMMY1_394;1;3
DUMMY1_395;1;5
DUMMY1_396;1;5
DUMMY1_397;1;7
DUMMY1_398;1;3
DUMMY1_399;1;9
DUMMY1_400;1;0
DUMMY1_401;1;6
DUMMY1_402;1;10
DUMMY1_403;1;2
DUMMY1_404;1;9
DUMMY1_405;1;0
DUMMY1_406;1;6
DUMMY1_407;1;6
DUMMY1_408;1;0
DUMMY1_409;1;9
DUMMY1_410;1;4
DUMMY1_411;1;10
DUMMY1_412;2;0
DUMMY1_413;1;10
DUMMY1_414;2;5
DUMMY1_415;1;0
DUMMY1_416;1;7
DUMMY1_417;2;0
DUMMY1_418;1;0
DUMMY1_419;1;2
DUMMY1_420;1;4
DUMMY1_421;1;0
DUMMY1_422;1;9
DUMMY1_423;1;0
DUMMY1_424;1;7
DUMMY1_425;1;0
DUMMY1_426;1;1
DUMMY1_427;1;0
DUMMY1_428;2;1
DUMMY1_429;1;5
DUMMY1_430;1;2
DUMMY1_431;1;4
DUMMY1_432;1;3
DUMMY1_433;1;4
DUMMY1_434;1;3
DUMMY1_435;1;8
DUMMY1_436;1;8
DUMMY1_437;1;3
DUMMY1_438;1;1
DUMMY1_439;1;1
DUMMY1_440;1;8
DUMMY1_441;1;0
DUMMY1_442;1;10
DUMMY1_443;1;1
DUMMY1_444;1;2
DUMMY1_445;1;0
DUMMY1_446;1;2
DUMMY1_447;1;9
DUMMY1_448;2;3
DUMMY1_449;1;10
DUMMY1_450;1;5
DUMMY1_451;1;9
DUMMY1_452;1;1
DUMMY1_453;1;1
DUMMY1_454;1;10
DUMMY1_455;1;3
DUMMY1_456;1;0
DUMMY1_457;1;0
DUMMY1_458;1;5
DUMMY1_459;1;0
DUMMY1_460;1;2
DUMMY1_461;1;4
DUMMY1_462;1;7
DUMMY1_463;1;2
DUMMY1_464;1;0
DUMMY1_465;1;0
DUMMY1_466;2;4
DUMMY1_467;1;0
DUMMY1_468;1;9
DUMMY1_469;1;6
DUMMY1_470;1;7
DUMMY1_471;1;0
DUMMY1_472;1;9
DUMMY1_473;1;2
DUMMY1_474;2;0
DUMMY1_475;1;5
DUMMY1_476;1;6
DUMMY1_477;2;8
DUMMY1_478;1;0
DUMMY1_479;1;9
DUMMY1_480;1;6
DUMMY1_481;1;3
DUMMY1_482;1;5
DUMMY1_483;1;10
DUMMY1_484;1;6
DUMMY1_485;1;9
DUMMY1_486;1;0
DUMMY1_487;1;3
DUMMY1_488;1;1
DUMMY1_489;1;5
DUMMY1_490;1;0
DUMMY1_491;1;0
DUMMY1_492;1;0
DUMMY1_493;1;6
DUMMY1_494;1;6
DUMMY1_495;1;0
DUMMY1_496;1;0
DUMMY1_497;1;9
DUMMY1_498;1;8
DUMMY1_499;1;8
DUMMY1_500;2;3
DUMMY1_501;1;10
DUMMY1_502;1;10
DUMMY1_503;2;2
DUMMY1_504;1;8
DUMMY1_505;1;9
DUMMY1_506;1;4
DUMMY1_507;1;0
DUMMY1_508;1;9
DUMMY1_509;1;1
DUMMY1_510;1;4
DUMMY1_511;1;4
DUMMY1_512;1;0
DUMMY1_513;1;1
DUMMY1_514;1;3
DUMMY1_515;1;0
DUMMY1_516;1;7
DUMMY1_517;1;0
DUMMY1_518;1;3
DUMMY1_519;1;5
DUMMY1_520;2;6
DUMMY1_521;1;1
DUMMY1_522;1;4
DUMMY1_523;1;10
DUMMY1_524;1;10
DUMMY1_525;1;5
DUMMY1_526;1;0
DUMMY1_527;1;8
DUMMY1_528;2;5
DUMMY1_529;1;9
DUMMY1_530;1;8
DUMMY1_531;1;8
DUMMY1_532;1;8
DUMMY1_533;1;6
DUMMY1_534;1;0
DUMMY1_535;1;0
DUMMY1_536;1;0
DUMMY1_537;1;5
DUMMY1_538;1;0
DUMMY1_539;1;1
DUMMY1_540;1;9
DUMMY1_541;1;0
DUMMY1_542;1;10
DUMMY1_543;1;1
DUMMY1_544;1;0
DUMMY1_545;1;5
DUMMY1_546;1;6
DUMMY1_547;1;9
DUMMY1_548;1;7
DUMMY1_549;1;10
DUMMY1_550;1;0
DUMMY1_551;2;0
DUMMY1_552;1;6
DUMMY1_553;1;6
DUMMY1_554;1;1
DUMMY1_555;1;0
DUMMY1_556;1;4
DUMMY1_557;1;5
DUMMY1_558;1;5
DUMMY1_559;1;6
DUMMY1_560;1;0
DUMMY1_561;1;2
DUMMY1_562;1;2
DUMMY1_563;1;0
DUMMY1_564;1;0
DUMMY1_565;1;10
DUMMY1_566;1;0
DUMMY1_567;1;0
DUMMY1_568;1;9
DUMMY1_569;1;3
DUMMY1_570;1;0
DUMMY1_571;1;10
DUMMY1_572;1;5
DUMMY1_573;1;4
DUMMY1_574;1;4
DUMMY1_575;1;5
DUMMY1_576;1;3
DUMMY1_577;1;6
DUMMY1_578;1;0
DUMMY1_579;1;0
DUMMY1_580;1;8
DUMMY1_581;1;0
DUMMY1_582;1;9
DUMMY1_583;1;7
DUMMY1_584;1;0
DUMMY1_585;1;0
DUMMY1_586;1;6
DUMMY1_587;1;8
DUMMY1_588;1;0
DUMMY1_589;1;5
DUMMY1_590;1;7
DUMMY1_591;1;0
DUMMY1_592;1;0
DUMMY1_593;1;7
DUMMY1_594;1;5
DUMMY1_595;1;5
DUMMY1_596;1;0
DUMMY1_597;1;0
DUMMY1_598;1;7
DUMMY1_599;1;10
DUMMY1_600;1;8
DUMMY1_601;1;0
DUMMY1_602;1;1
DUMMY1_603;1;9
DUMMY1_604;1;10
DUMMY1_605;1;8
DUMMY1_606;1;6
DUMMY1_607;1;4
DUMMY1_608;1;6
DUMMY1_609;2;0
DUMMY1_610;1;0
DUMMY1_611;1;4
DUMMY1_612;1;10
DUMMY1_613;1;6
DUMMY1_614;1;8
DUMMY1_615;1;3
DUMMY1_616;1;0
DUMMY1_617;1;0
DUMMY1_618;1;9
DUMMY1_619;1;8
DUMMY1_620;1;4
DUMMY1_621;1;1
DUMMY1_622;1;10
DUMMY1_623;1;4
DUMMY1_624;1;7
DUMMY1_625;1;0
DUMMY1_626;1;4
DUMMY1_627;1;0
DUMMY1_628;1;8
DUMMY1_629;1;0
DUMMY1_630;1;2
DUMMY1_631;1;0
DUMMY1_632;1;0
DUMMY1_633;1;2
DUMMY1_634;1;7
DUMMY1_635;1;7
DUMMY1_636;1;7
DUMMY1_637;1;8
DUMMY1_638;1;4
DUMMY1_639;1;10
DUMMY1_640;1;2
DUMMY1_641;1;2
DUMMY1_642;1;3
DUMMY1_643;1;7
DUMMY1_644;1;8
DUMMY1_645;1;9
DUMMY1_646;1;0
DUMMY1_647;1;10
DUMMY1_648;1;7
DUMMY1_649;2;0
DUMMY1_650;1;0
DUMMY1_651;1;0
DUMMY1_652;1;0
DUMMY1_653;1;0
DUMMY1_654;1;0
DUMMY1_655;1;5
DUMMY1_656;1;3
DUMMY1_657;1;10
DUMMY1_658;1;7
DUMMY1_659;1;7
DUMMY1_660;1;1
DUMMY1_661;1;0
DUMMY1_662;1;0
DUMMY1_663;2;3
DUMMY1_664;1;10
DUMMY1_665;1;0
DUMMY1_666;1;0
DUMMY1_667;1;10
DUMMY1_668;1;0
DUMMY1_669;1;3
DUMMY1_670;1;9
DUMMY1_671;1;0
DUMMY1_672;1;6
DUMMY1_673;1;6
DUMMY1_674;1;2
DUMMY1_675;1;0
DUMMY1_676;1;0
DUMMY1_677;1;2
DUMMY1_678;1;0
DUMMY1_679;1;7
DUMMY1_680;1;0
DUMMY1_681;2;2
DUMMY1_682;1;9
DUMMY1_683;1;7
DUMMY1_684;2;8
DUMMY1_685;1;2
DUMMY1_686;1;2
DUMMY1_687;1;6
DUMMY1_688;1;1
DUMMY1_689;1;6
DUMMY1_690;1;8
DUMMY1_691;1;9
DUMMY1_692;1;6
DUMMY1_693;1;7
DUMMY1_694;1;3
DUMMY1_695;1;4
DUMMY1_696;1;3
DUMMY1_697;1;2
DUMMY1_698;1;2
DUMMY1_699;1;0
DUMMY1_700;1;1
DUMMY1_701;1;1
DUMMY1_702;1;3
DUMMY1_703;1;0
DUMMY1_704;1;0
DUMMY1_705;1;6
DUMMY1_706;1;0
DUMMY1_707;1;10
DUMMY1_708;1;6
DUMMY1_709;1;10
DUMMY1_710;2;0
DUMMY1_711;1;8
DUMMY1_712;2;0
DUMMY1_713;1;5
DUMMY1_714;1;0
DUMMY1_715;2;1
DUMMY1_716;1;0
DUMMY1_717;1;0
DUMMY1_718;1;2
DUMMY1_719;1;0
DUMMY1_720;1;3
DUMMY1_721;1;0
DUMMY1_722;1;3
DUMMY1_723;1;10
DUMMY1_724;1;0
DUMMY1_725;1;8
DUMMY1_726;1;0
DUMMY1_727;1;6
DUMMY1_728;1;0
DUMMY1_729;1;10
DUMMY1_730;1;0
DUMMY1_731;1;3
DUMMY1_732;1;1
DUMMY1_733;2;0
DUMMY1_734;1;6
DUMMY1_735;1;10
DUMMY1_736;1;1
DUMMY1_737;1;10
DUMMY1_738;1;0
DUMMY1_739;1;9
DUMMY1_740;1;0
DUMMY1_741;1;6
DUMMY1_742;1;9
DUMMY1_743;1;3
DUMMY1_744;1;0
DUMMY1_745;1;1
DUMMY1_746;1;2
DUMMY1_747;1;6
DUMMY1_748;1;7
DUMMY1_749;1;4
DUMMY1_750;1;10
DUMMY1_751;1;10
DUMMY1_752;1;1
DUMMY1_753;1;2
DUMMY1_754;1;5
DUMMY1_755;2;2
DUMMY1_756;1;8
DUMMY1_757;1;2
DUMMY1_758;1;1
DUMMY1_759;1;4
DUMMY1_760;1;6
DUMMY1_761;1;2
DUMMY1_762;1;0
DUMMY1_763;1;1
DUMMY1_764;1;3
DUMMY1_765;1;7
DUMMY1_766;1;0
DUMMY1_767;1;0
DUMMY1_768;1;0
DUMMY1_769;1;0
DUMMY1_770;1;0
DUMMY1_771;1;5
DUMMY1_772;1;0
DUMMY1_773;1;10
DUMMY1_774;1;8
DUMMY1_775;1;0
DUMMY1_776;1;0
DUMMY1_777;1;2
DUMMY1_778;2;4
DUMMY1_779;1;8
DUMMY1_780;1;10
DUMMY1_781;1;4
DUMMY1_782;1;1
DUMMY1_783;1;0
DUMMY1_784;1;7
DUMMY1_785;1;9
DUMMY1_786;1;0
DUMMY1_787;1;10
DUMMY1_788;1;0
DUMMY1_789;1;6
DUMMY1_790;1;0
DUMMY1_791;1;0
DUMMY1_792;1;0
DUMMY1_793;1;5
DUMMY1_794;1;6
DUMMY1_795;1;5
DUMMY1_796;1;5
DUMMY1_797;1;10
DUMMY1_798;1;0
DUMMY1_799;1;3
DUMMY1_800;1;8
DUMMY1_801;1;2
DUMMY1_802;1;6
DUMMY1_803;1;10
DUMMY1_804;1;5
DUMMY1_805;1;0
DUMMY1_806;1;0
DUMMY1_807;1;4
DUMMY1_808;1;2
DUMMY1_809;1;0
DUMMY1_810;1;1
DUMMY1_811;1;0
DUMMY1_812;1;9
DUMMY1_813;1;7
DUMMY1_814;1;0
DUMMY1_815;1;10
DUMMY1_816;1;3
DUMMY1_817;1;6
DUMMY1_818;1;9
DUMMY1_819;1;9
DUMMY1_820;1;0
DUMMY1_821;1;0
DUMMY1_822;1;6
DUMMY1_823;2;1
DUMMY1_824;1;0
DUMMY1_825;1;4
DUMMY1_826;2;0
DUMMY1_827;1;7
DUMMY1_828;1;0
DUMMY1_829;1;6
DUMMY1_830;1;4
DUMMY1_831;1;0
DUMMY1_832;1;1
DUMMY1_833;1;1
DUMMY1_834;1;6
DUMMY1_835;1;1
DUMMY1_836;1;0
DUMMY1_837;1;0
DUMMY1_838;1;1
DUMMY1_839;1;0
DUMMY1_840;1;4
DUMMY1_841;1;1
DUMMY1_842;1;8
DUMMY1_843;1;0
DUMMY1_844;1;4
DUMMY1_845;1;8
DUMMY1_846;1;10
DUMMY1_847;1;0
DUMMY1_848;1;2
DUMMY1_849;1;0
DUMMY1_850;2;0
DUMMY1_851;1;0
DUMMY1_852;1;9
DUMMY1_853;1;9
DUMMY1_854;1;0
DUMMY1_855;1;0
DUMMY1_856;1;10
DUMMY1_857;1;5
DUMMY1_858;1;0
DUMMY1_859;1;7
DUMMY1_860;1;0
DUMMY1_861;1;3
DUMMY1_862;1;7
DUMMY1_863;1;1
DUMMY1_864;1;0
DUMMY1_865;1;0
DUMMY1_866;1;9
DUMMY1_867;2;4
DUMMY1_868;1;3
DUMMY1_869;1;3
DUMMY1_870;2;0
DUMMY1_871;1;9
DUMMY1_872;1;3
DUMMY1_873;1;5
DUMMY1_874;1;3
DUMMY1_875;1;0
DUMMY1_876;1;7
DUMMY1_877;1;8
DUMMY1_878;1;6
DUMMY1_879;1;5
DUMMY1_880;1;10
DUMMY1_881;1;7
DUMMY1_882;1;2
DUMMY1_883;1;0
DUMMY1_884;1;8
DUMMY1_885;1;4
DUMMY1_886;1;3
DUMMY1_887;1;5
DUMMY1_888;1;3
DUMMY1_889;1;0
DUMMY1_890;1;2
DUMMY1_891;1;0
DUMMY1_892;1;0
DUMMY1_893;1;0
DUMMY1_894;1;2
DUMMY1_895;1;3
DUMMY1_896;1;9
DUMMY1_897;1;1
DUMMY1_898;1;0
DUMMY1_899;2;8
DUMMY1_900;1;1
DUMMY1_901;1;3
DUMMY1_902;1;4
DUMMY1_903;1;9
DUMMY1_904;1;1
DUMMY1_905;1;9
DUMMY1_906;1;1
DUMMY1_907;1;6
DUMMY1_908;1;6
DUMMY1_909;1;6
DUMMY1_910;1;0
DUMMY1_911;1;10
DUMMY1_912;1;8
DUMMY1_913;1;0
DUMMY1_914;1;2
DUMMY1_915;1;9
DUMMY1_916;1;0
DUMMY1_917;1;6
DUMMY1_918;1;5
DUMMY1_919;1;0
DUMMY1_920;1;10
DUMMY1_921;1;0
DUMMY1_922;1;0
DUMMY1_923;1;0
DUMMY1_924;2;6
DUMMY1_925;2;0
DUMMY1_926;1;0
DUMMY1_927;1;0
DUMMY1_928;1;0
DUMMY1_929;1;0
DUMMY1_930;1;6
DUMMY1_931;1;3
DUMMY1_932;1;1
DUMMY1_933;1;2
DUMMY1_934;1;5
DUMMY1_935;1;0
DUMMY1_936;1;0
DUMMY1_937;1;9
DUMMY1_938;1;0
DUMMY1_939;1;0
DUMMY1_940;1;10
DUMMY1_941;1;3
DUMMY1_942;1;4
DUMMY1_943;1;0
DUMMY1_944;1;1
DUMMY1_945;1;7
DUMMY1_946;1;4
DUMMY1_947;1;2
DUMMY1_948;1;2
DUMMY1_949;1;7
DUMMY1_950;1;7
DUMMY1_951;1;1
DUMMY1_952;1;7
DUMMY1_953;1;0
DUMMY1_954;1;0
DUMMY1_955;1;9
DUMMY1_956;2;8
DUMMY1_957;2;0
DUMMY1_958;1;10
DUMMY1_959;1;1
DUMMY1_960;1;8
DUMMY1_961;1;6
DUMMY1_962;1;9
DUMMY1_963;1;2
DUMMY1_964;1;2
DUMMY1_965;1;0
DUMMY1_966;1;7
DUMMY1_967;1;2
DUMMY1_968;1;4
DUMMY1_969;1;0
DUMMY1_970;1;9
DUMMY1_971;1;0
DUMMY1_972;1;8
DUMMY1_973;1;9
DUMMY1_974;2;9
DUMMY1_975;1;0
DUMMY1_976;1;8
DUMMY1_977;1;7
DUMMY1_978;2;5
DUMMY1_979;1;5
DUMMY1_980;1;9
DUMMY1_981;1;6
DUMMY1_982;1;0
DUMMY1_983;1;5
DUMMY1_984;1;0
DUMMY1_985;1;5
DUMMY1_986;1;7
DUMMY1_987;1;5
DUMMY1_988;1;9
DUMMY1_989;1;1
DUMMY1_990;1;0
DUMMY1_991;1;4
DUMMY1_992;1;0
DUMMY1_993;2;0
DUMMY1_994;1;9
DUMMY1_995;1;4
DUMMY1_996;1;0
DUMMY1_997;1;0
DUMMY1_998;1;9
DUMMY1_999;1;7
DUMMY1_1000;1;0
DUMMY1_1001;1;7
DUMMY1_1002;1;2
DUMMY1_1003;1;1
DUMMY1_1004;1;0
DUMMY1_1005;1;7
DUMMY1_1006;1;0
DUMMY1_1007;1;0
DUMMY1_1008;1;1
DUMMY1_1009;1;3
DUMMY1_1010;1;8
DUMMY1_1011;1;7
DUMMY1_1012;1;10
DUMMY1_1013;1;0
DUMMY1_1014;1;0
DUMMY1_1015;1;0
DUMMY1_1016;1;3
DUMMY1_1017;1;9
DUMMY1_1018;1;8
DUMMY1_1019;1;8
DUMMY1_1020;1;0
DUMMY1_1021;1;7
DUMMY1_1022;1;0
DUMMY1_1023;1;6
DUMMY1_1024;1;0
DUMMY1_1025;1;3
DUMMY1_1026;1;10
DUMMY1_1027;1;0
DUMMY1_1028;1;2
DUMMY1_1029;1;0
DUMMY1_1030;1;3
DUMMY1_1031;1;2
DUMMY1_1032;1;0
DUMMY1_1033;1;2
DUMMY1_1034;2;5
DUMMY1_1035;1;3
DUMMY1_1036;1;0
DUMMY1_1037;1;7
DUMMY1_1038;1;0
DUMMY1_1039;1;0
DUMMY1_1040;1;3
DUMMY1_1041;1;2
DUMMY1_1042;1;10
DUMMY1_1043;1;6
DUMMY1_1044;1;0
DUMMY1_1045;1;3
DUMMY1_1046;1;10
DUMMY1_1047;1;10
DUMMY1_1048;1;0
DUMMY1_1049;1;0
DUMMY1_1050;1;10
DUMMY1_1051;1;0
DUMMY1_1052;1;9
DUMMY1_1053;1;0
DUMMY1_1054;1;7
DUMMY1_1055;1;10
DUMMY1_1056;1;2
DUMMY1_1057;1;4
DUMMY1_1058;1;0
DUMMY1_1059;1;4
DUMMY1_1060;1;3
DUMMY1_1061;1;3
DUMMY1_1062;1;4
DUMMY1_1063;1;0
DUMMY1_1064;1;3
DUMMY1_1065;1;3
DUMMY1_1066;1;0
DUMMY1_1067;1;0
DUMMY1_1068;1;8
DUMMY1_1069;1;2
DUMMY1_1070;1;0
DUMMY1_1071;1;8
DUMMY1_1072;1;5
DUMMY1_1073;1;4
DUMMY1_1074;1;4
DUMMY1_1075;1;1
DUMMY1_1076;1;0
DUMMY1_1077;1;4
DUMMY1_1078;1;10
DUMMY1_1079;1;5
DUMMY1_1080;1;8
DUMMY1_1081;1;0
DUMMY1_1082;1;2
DUMMY1_1083;1;7
DUMMY1_1084;1;10
DUMMY1_1085;1;8
DUMMY1_1086;1;5
DUMMY1_1087;1;5
DUMMY1_1088;1;9
DUMMY1_1089;1;6
DUMMY1_1090;1;0
DUMMY1_1091;1;7
DUMMY1_1092;1;8
DUMMY1_1093;1;0
DUMMY1_1094;1;8
DUMMY1_1095;1;4
DUMMY1_1096;1;0
DUMMY1_1097;1;10
DUMMY1_1098;1;2
DUMMY1_1099;1;8
DUMMY1_1100;1;3
DUMMY1_1101;1;4
DUMMY1_1102;1;4
DUMMY1_1103;1;7
DUMMY1_1104;1;4
DUMMY1_1105;1;1
DUMMY1_1106;1;0
DUMMY1_1107;1;0
DUMMY1_1108;1;0
DUMMY1_1109;1;5
DUMMY1_1110;1;8
DUMMY1_1111;1;2
DUMMY1_1112;1;5
DUMMY1_1113;1;7
DUMMY1_1114;1;2
DUMMY1_1115;1;7
DUMMY1_1116;1;0
DUMMY1_1117;1;2
DUMMY1_1118;1;5
DUMMY1_1119;2;10
DUMMY1_1120;1;2
DUMMY1_1121;1;0
DUMMY1_1122;1;9
DUMMY1_1123;1;0
DUMMY1_1124;1;1
DUMMY1_1125;1;1
DUMMY1_1126;1;5
DUMMY1_1127;1;0
DUMMY1_1128;1;7
DUMMY1_1129;1;1
DUMMY1_1130;1;8
DUMMY1_1131;1;6
DUMMY1_1132;1;7
DUMMY1_1133;1;9
DUMMY1_1134;1;8
DUMMY1_1135;1;4
DUMMY1_1136;1;4
DUMMY1_1137;1;7
DUMMY1_1138;1;2
DUMMY1_1139;1;4
DUMMY1_1140;1;10
DUMMY1_1141;1;3
DUMMY1_1142;1;3
DUMMY1_1143;1;10
DUMMY1_1144;2;0
DUMMY1_1145;1;0
DUMMY1_1146;2;0
DUMMY1_1147;1;0
DUMMY1_1148;1;2
DUMMY1_1149;1;0
DUMMY1_1150;1;10
DUMMY1_1151;1;1
DUMMY1_1152;1;3
DUMMY1_1153;1;4
DUMMY1_1154;1;2
DUMMY1_1155;1;1
DUMMY1_1156;1;5
DUMMY1_1157;1;8
DUMMY1_1158;1;1
DUMMY1_1159;1;7
DUMMY1_1160;1;2
DUMMY1_1161;1;2
DUMMY1_1162;1;0
DUMMY1_1163;1;1
DUMMY1_1164;1;6
DUMMY1_1165;1;0
DUMMY1_1166;1;9
DUMMY1_1167;1;0
DUMMY1_1168;1;8
DUMMY1_1169;1;7
DUMMY1_1170;1;4
DUMMY1_1171;1;4
DUMMY1_1172;1;6
DUMMY1_1173;2;4
DUMMY1_1174;1;4
DUMMY1_1175;1;9
DUMMY1_1176;1;2
DUMMY1_1177;1;0
DUMMY1_1178;1;5
DUMMY1_1179;1;3
DUMMY1_1180;1;0
DUMMY1_1181;1;1
DUMMY1_1182;1;3
DUMMY1_1183;1;3
DUMMY1_1184;1;7
DUMMY1_1185;1;7
DUMMY1_1186;1;0
DUMMY1_1187;1;10
DUMMY1_1188;1;6
DUMMY1_1189;2;0
DUMMY1_1190;2;5
DUMMY1_1191;1;9
DUMMY1_1192;1;2
DUMMY1_1193;1;0
DUMMY1_1194;1;9
DUMMY1_1195;1;1
DUMMY1_1196;1;8
DUMMY1_1197;1;0
DUMMY1_1198;1;2
DUMMY1_1199;1;2
DUMMY1_1200;1;5
DUMMY1_1201;1;5
DUMMY1_1202;1;10
DUMMY1_1203;1;6
DUMMY1_1204;1;2
DUMMY1_1205;1;0
DUMMY1_1206;1;1
DUMMY1_1207;1;6
DUMMY1_1208;1;0
DUMMY1_1209;1;9
DUMMY1_1210;2;1
DUMMY1_1211;1;5
DUMMY1_1212;1;0
DUMMY1_1213;1;7
DUMMY1_1214;1;0
DUMMY1_1215;1;10
DUMMY1_1216;1;0
DUMMY1_1217;1;0
DUMMY1_1218;1;8
DUMMY1_1219;1;0
DUMMY1_1220;1;0
DUMMY1_1221;1;2
DUMMY1_1222;1;0
DUMMY1_1223;1;8
DUMMY1_1224;1;4
DUMMY1_1225;1;5
DUMMY1_1226;1;0
DUMMY1_1227;1;0
DUMMY1_1228;1;0
DUMMY1_1229;1;10
DUMMY1_1230;1;0
DUMMY1_1231;1;4
DUMMY1_1232;1;0
DUMMY1_1233;1;0
DUMMY1_1234;1;6
DUMMY1_1235;1;2
DUMMY1_1236;1;0
DUMMY1_1237;1;0
DUMMY1_1238;1;2
DUMMY1_1239;1;9
DUMMY1_1240;1;9
DUMMY1_1241;1;0
DUMMY1_1242;1;0
DUMMY1_1243;1;6
DUMMY1_1244;1;7
DUMMY1_1245;1;2
DUMMY1_1246;1;8
DUMMY1_1247;1;6
DUMMY1_1248;1;0
DUMMY1_1249;1;7
DUMMY1_1250;1;7
DUMMY1_1251;1;0
DUMMY1_1252;1;0
DUMMY1_1253;1;2
DUMMY1_1254;1;5
DUMMY1_1255;1;7
DUMMY1_1256;1;0
DUMMY1_1257;1;8
DUMMY1_1258;1;5
DUMMY1_1259;1;10
DUMMY1_1260;2;0
DUMMY1_1261;1;6
DUMMY1_1262;1;0
DUMMY1_1263;1;0
DUMMY1_1264;1;1
DUMMY1_1265;1;1
DUMMY1_1266;1;0
DUMMY1_1267;1;2
DUMMY1_1268;1;7
DUMMY1_1269;1;0
DUMMY1_1270;1;8
DUMMY1_1271;1;0
DUMMY1_1272;1;9
DUMMY1_1273;1;0
DUMMY1_1274;1;1
DUMMY1_1275;1;1
DUMMY1_1276;1;2
DUMMY1_1277;1;0
DUMMY1_1278;1;1
DUMMY1_1279;1;4
DUMMY1_1280;1;0
DUMMY1_1281;1;8
DUMMY1_1282;1;10
DUMMY1_1283;1;3
DUMMY1_1284;1;3
DUMMY1_1285;2;0
DUMMY1_1286;1;8
DUMMY1_1287;1;0
DUMMY1_1288;1;0
DUMMY1_1289;1;0
DUMMY1_1290;1;0
DUMMY1_1291;1;3
DUMMY1_1292;1;2
DUMMY1_1293;1;0
DUMMY1_1294;1;10
DUMMY1_1295;1;9
DUMMY1_1296;1;3
DUMMY1_1297;1;0
DUMMY1_1298;1;0
DUMMY1_1299;1;0
DUMMY1_1300;1;2
DUMMY1_1301;1;3
DUMMY1_1302;1;8
DUMMY1_1303;1;4
DUMMY1_1304;1;2
DUMMY1_1305;1;4
DUMMY1_1306;1;0
DUMMY1_1307;1;0
DUMMY1_1308;1;2
DUMMY1_1309;1;0
DUMMY1_1310;1;10
DUMMY1_1311;1;5
DUMMY1_1312;1;7
DUMMY1_1313;1;10
DUMMY1_1314;1;7
DUMMY1_1315;1;7
DUMMY1_1316;1;1
DUMMY1_1317;1;0
DUMMY1_1318;1;8
DUMMY1_1319;1;4
DUMMY1_1320;1;9
DUMMY1_1321;1;0
DUMMY1_1322;2;6
DUMMY1_1323;1;1
DUMMY1_1324;1;8
DUMMY1_1325;1;0
DUMMY1_1326;1;0
DUMMY1_1327;1;8
DUMMY1_1328;1;8
DUMMY1_1329;2;0
DUMMY1_1330;2;1
DUMMY1_1331;1;4
DUMMY1_1332;1;1
DUMMY1_1333;1;4
DUMMY1_1334;1;9
DUMMY1_1335;1;3
DUMMY1_1336;1;0
DUMMY1_1337;2;1
DUMMY1_1338;1;5
DUMMY1_1339;1;6
DUMMY1_1340;1;3
DUMMY1_1341;1;2
DUMMY1_1342;1;0
DUMMY1_1343;1;7
DUMMY1_1344;1;9
DUMMY1_1345;1;1
DUMMY1_1346;1;3
DUMMY1_1347;1;10
DUMMY1_1348;1;0
DUMMY1_1349;1;8
DUMMY1_1350;1;0
DUMMY1_1351;1;1
DUMMY1_1352;1;3
DUMMY1_1353;1;9
DUMMY1_1354;1;10
DUMMY1_1355;1;0
DUMMY1_1356;1;10
DUMMY1_1357;1;3
DUMMY1_1358;1;4
DUMMY1_1359;1;7
DUMMY1_1360;1;1
DUMMY1_1361;1;0
DUMMY1_1362;1;0
DUMMY1_1363;1;4
DUMMY1_1364;1;3
DUMMY1_1365;1;4
DUMMY1_1366;1;1
DUMMY1_1367;1;9
DUMMY1_1368;1;5
DUMMY1_1369;1;0
DUMMY1_1370;1;4
DUMMY1_1371;1;0
DUMMY1_1372;1;4
DUMMY1_1373;1;5
DUMMY1_1374;1;6
DUMMY1_1375;1;10
DUMMY1_1376;1;1
DUMMY1_1377;1;10
DUMMY1_1378;1;1
DUMMY1_1379;1;10
DUMMY1_1380;1;0
DUMMY1_1381;1;0
DUMMY1_1382;1;0
DUMMY1_1383;1;8
DUMMY1_1384;1;3
DUMMY1_1385;1;8
DUMMY1_1386;1;5
DUMMY1_1387;1;8
DUMMY1_1388;1;7
DUMMY1_1389;1;3
DUMMY1_1390;1;4
DUMMY1_1391;1;0
DUMMY1_1392;2;0
DUMMY1_1393;1;5
DUMMY1_1394;1;0
DUMMY1_1395;1;10
DUMMY1_1396;2;0
DUMMY1_1397;1;4
DUMMY1_1398;1;10
DUMMY1_1399;1;0
DUMMY1_1400;1;1
DUMMY1_1401;1;2
DUMMY1_1402;1;7
DUMMY1_1403;1;5
DUMMY1_1404;1;0
DUMMY1_1405;1;6
DUMMY1_1406;1;5
DUMMY1_1407;1;0
DUMMY1_1408;1;6
DUMMY1_1409;1;8
DUMMY1_1410;1;0
DUMMY1_1411;1;1
DUMMY1_1412;2;0
DUMMY1_1413;1;3
DUMMY1_1414;1;0
DUMMY1_1415;1;8
DUMMY1_1416;1;5
DUMMY1_1417;2;4
DUMMY1_1418;1;9
DUMMY1_1419;1;0
DUMMY1_1420;1;9
DUMMY1_1421;1;2
DUMMY1_1422;1;0
DUMMY1_1423;1;9
DUMMY1_1424;1;7
DUMMY1_1425;1;7
DUMMY1_1426;1;8
DUMMY1_1427;1;8
DUMMY1_1428;1;10
DUMMY1_1429;1;1
DUMMY1_1430;1;10
DUMMY1_1431;1;0
DUMMY1_1432;1;5
DUMMY1_1433;1;0
DUMMY1_1434;1;3
DUMMY1_1435;1;1
DUMMY1_1436;1;10
DUMMY1_1437;1;0
DUMMY1_1438;1;6
DUMMY1_1439;1;0
DUMMY1_1440;1;8
DUMMY1_1441;1;0
DUMMY1_1442;1;2
DUMMY1_1443;1;8
DUMMY1_1444;1;10
DUMMY1_1445;1;1
DUMMY1_1446;1;0
DUMMY1_1447;1;4
DUMMY1_1448;1;10
DUMMY1_1449;2;4
DUMMY1_1450;1;7
DUMMY1_1451;1;0
DUMMY1_1452;1;1
DUMMY1_1453;1;0
DUMMY1_1454;1;4
DUMMY1_1455;1;4
DUMMY1_1456;1;7
DUMMY1_1457;1;0
DUMMY1_1458;1;0
DUMMY1_1459;1;8
DUMMY1_1460;1;10
DUMMY1_1461;1;5
DUMMY1_1462;1;0
DUMMY1_1463;1;1
DUMMY1_1464;1;6
DUMMY1_1465;1;7
DUMMY1_1466;1;10
DUMMY1_1467;1;0
DUMMY1_1468;1;0
DUMMY1_1469;1;4
DUMMY1_1470;1;10
DUMMY1_1471;1;7
DUMMY1_1472;1;9
DUMMY1_1473;1;10
DUMMY1_1474;1;8
DUMMY1_1475;1;9
DUMMY1_1476;1;0
DUMMY1_1477;1;0
DUMMY1_1478;1;4
DUMMY1_1479;1;0
DUMMY1_1480;1;10
DUMMY1_1481;1;2
DUMMY1_1482;1;9
DUMMY1_1483;1;4
DUMMY1_1484;1;4
DUMMY1_1485;1;7
DUMMY1_1486;1;0
DUMMY1_1487;1;5
DUMMY1_1488;1;5
DUMMY1_1489;1;10
DUMMY1_1490;2;2
DUMMY1_1491;2;0
DUMMY1_1492;1;10
DUMMY1_1493;1;6
DUMMY1_1494;1;7
DUMMY1_1495;1;6
DUMMY1_1496;1;6
DUMMY1_1497;1;5
DUMMY1_1498;1;2
DUMMY1_1499;1;1
DUMMY1_1500;1;5
DUMMY1_1501;1;9
DUMMY1_1502;1;0
DUMMY1_1503;1;5
DUMMY1_1504;1;5
DUMMY1_1505;1;5
DUMMY1_1506;1;0
DUMMY1_1507;2;8
DUMMY1_1508;1;4
DUMMY1_1509;1;0
DUMMY1_1510;1;3
DUMMY1_1511;1;4
DUMMY1_1512;1;10
DUMMY1_1513;1;10
DUMMY1_1514;1;10
DUMMY1_1515;1;3
DUMMY1_1516;1;0
DUMMY1_1517;1;8
DUMMY1_1518;2;0
DUMMY1_1519;1;6
DUMMY1_1520;1;2
DUMMY1_1521;1;3
DUMMY1_1522;1;2
DUMMY1_1523;1;2
DUMMY1_1524;1;3
DUMMY1_1525;1;10
DUMMY1_1526;2;6
DUMMY1_1527;1;5
DUMMY1_1528;1;2
DUMMY1_1529;1;6
DUMMY1_1530;1;6
DUMMY1_1531;1;10
DUMMY1_1532;1;9
DUMMY1_1533;1;3
DUMMY1_1534;1;0
DUMMY1_1535;2;7
DUMMY1_1536;1;0
DUMMY1_1537;1;9
DUMMY1_1538;1;2
DUMMY1_1539;1;8
DUMMY1_1540;1;0
DUMMY1_1541;1;0
DUMMY1_1542;1;0
DUMMY1_1543;1;5
DUMMY1_1544;1;0
DUMMY1_1545;1;0
DUMMY1_1546;1;7
DUMMY1_1547;1;0
DUMMY1_1548;1;8
DUMMY1_1549;1;10
DUMMY1_1550;1;0
DUMMY1_1551;1;7
DUMMY1_1552;2;0
DUMMY1_1553;2;0
DUMMY1_1554;1;1
DUMMY1_1555;1;2
DUMMY1_1556;1;4
DUMMY1_1557;1;5
DUMMY1_1558;1;0
DUMMY1_1559;1;0
DUMMY1_1560;1;7
DUMMY1_1561;1;0
DUMMY1_1562;1;0
DUMMY1_1563;1;5
DUMMY1_1564;1;7
DUMMY1_1565;1;0
DUMMY1_1566;1;10
DUMMY1_1567;1;0
DUMMY1_1568;1;10
DUMMY1_1569;1;9
DUMMY1_1570;1;9
DUMMY1_1571;1;0
DUMMY1_1572;1;7
DUMMY1_1573;1;0
DUMMY1_1574;2;0
DUMMY1_1575;1;0
DUMMY1_1576;1;4
DUMMY1_1577;1;0
DUMMY1_1578;1;9
DUMMY1_1579;1;5
DUMMY1_1580;1;3
DUMMY1_1581;1;0
DUMMY1_1582;1;0
DUMMY1_1583;1;4
DUMMY1_1584;1;6
DUMMY1_1585;1;1
DUMMY1_1586;1;7
DUMMY1_1587;1;10
DUMMY1_1588;1;10
DUMMY1_1589;1;0
DUMMY1_1590;1;0
DUMMY1_1591;1;3
DUMMY1_1592;2;3
DUMMY1_1593;1;1
DUMMY1_1594;1;8
DUMMY1_1595;1;0
DUMMY1_1596;1;10
DUMMY1_1597;1;3
DUMMY1_1598;1;0
DUMMY1_1599;1;4
DUMMY1_1600;1;7
DUMMY1_1601;1;0
DUMMY1_1602;2;0
DUMMY1_1603;1;0
DUMMY1_1604;1;8
DUMMY1_1605;1;1
DUMMY1_1606;1;0
DUMMY1_1607;1;9
DUMMY1_1608;1;0
DUMMY1_1609;1;1
DUMMY1_1610;1;0
DUMMY1_1611;2;5
DUMMY1_1612;1;10
DUMMY1_1613;1;8
DUMMY1_1614;1;0
DUMMY1_1615;1;0
DUMMY1_1616;1;7
DUMMY1_1617;1;5
DUMMY1_1618;1;0
DUMMY1_1619;1;0
DUMMY1_1620;1;7
DUMMY1_1621;1;0
DUMMY1_1622;2;0
DUMMY1_1623;1;10
DUMMY1_1624;1;2
DUMMY1_1625;1;0
DUMMY1_1626;1;0
DUMMY1_1627;1;0
DUMMY1_1628;1;3
DUMMY1_1629;1;9
DUMMY1_1630;1;0
DUMMY1_1631;1;2
DUMMY1_1632;1;7
DUMMY1_1633;1;5
DUMMY1_1634;1;0
DUMMY1_1635;1;8
DUMMY1_1636;1;0
DUMMY1_1637;1;4
DUMMY1_1638;1;4
DUMMY1_1639;1;3
DUMMY1_1640;1;4
DUMMY1_1641;1;1
DUMMY1_1642;1;6
DUMMY1_1643;1;0
DUMMY1_1644;2;2
DUMMY1_1645;1;7
DUMMY1_1646;1;6
DUMMY1_1647;1;3
DUMMY1_1648;1;0
DUMMY1_1649;1;1
DUMMY1_1650;1;10
DUMMY1_1651;1;7
DUMMY1_1652;1;2
DUMMY1_1653;1;5
DUMMY1_1654;2;6
DUMMY1_1655;1;0
DUMMY1_1656;1;6
DUMMY1_1657;1;4
DUMMY1_1658;1;0
DUMMY1_1659;1;10
DUMMY1_1660;1;1
DUMMY1_1661;1;6
DUMMY1_1662;1;0
DUMMY1_1663;1;1
DUMMY1_1664;1;2
DUMMY1_1665;1;0
DUMMY1_1666;1;7
DUMMY1_1667;1;0
DUMMY1_1668;1;0
DUMMY1_1669;1;7
DUMMY1_1670;1;0
DUMMY1_1671;1;3
DUMMY1_1672;1;5
DUMMY1_1673;1;8
DUMMY1_1674;1;0
DUMMY1_1675;1;3
DUMMY1_1676;1;0
DUMMY1_1677;1;0
DUMMY1_1678;1;8
DUMMY1_1679;1;6
DUMMY1_1680;1;9
DUMMY1_1681;1;6
DUMMY1_1682;1;3
DUMMY1_1683;1;8
DUMMY1_1684;1;0
DUMMY1_1685;1;7
DUMMY1_1686;1;5
DUMMY1_1687;1;6
DUMMY1_1688;1;8
DUMMY1_1689;2;1
DUMMY1_1690;1;5
DUMMY1_1691;1;10
DUMMY1_1692;1;10
DUMMY1_1693;1;0
DUMMY1_1694;2;8
DUMMY1_1695;2;9
DUMMY1_1696;1;5
DUMMY1_1697;1;10
DUMMY1_1698;1;0
DUMMY1_1699;1;10
DUMMY1_1700;1;8
DUMMY1_1701;1;1
DUMMY1_1702;1;1
DUMMY1_1703;1;4
DUMMY1_1704;1;9
DUMMY1_1705;1;4
DUMMY1_1706;1;8
DUMMY1_1707;1;9
DUMMY1_1708;1;0
DUMMY1_1709;1;1
DUMMY1_1710;1;8
DUMMY1_1711;1;0
DUMMY1_1712;1;0
DUMMY1_1713;1;6
DUMMY1_1714;1;7
DUMMY1_1715;1;0
DUMMY1_1716;1;7
DUMMY1_1717;1;7
DUMMY1_1718;2;0
DUMMY1_1719;1;8
DUMMY1_1720;1;9
DUMMY1_1721;2;4
DUMMY1_1722;1;8
DUMMY1_1723;1;0
DUMMY1_1724;1;9
DUMMY1_1725;1;4
DUMMY1_1726;2;4
DUMMY1_1727;1;0
DUMMY1_1728;1;7
DUMMY1_1729;1;0
DUMMY1_1730;2;0
DUMMY1_1731;1;0
DUMMY1_1732;1;7
DUMMY1_1733;1;1
DUMMY1_1734;1;6
DUMMY1_1735;1;4
DUMMY1_1736;1;0
DUMMY1_1737;1;0
DUMMY1_1738;1;4
DUMMY1_1739;1;0
DUMMY1_1740;1;5
DUMMY1_1741;1;7
DUMMY1_1742;1;5
DUMMY1_1743;1;0
DUMMY1_1744;1;0
DUMMY1_1745;1;7
DUMMY1_1746;1;10
DUMMY1_1747;1;0
DUMMY1_1748;1;5
DUMMY1_1749;1;0
DUMMY1_1750;1;0
DUMMY1_1751;1;0
DUMMY1_1752;1;9
DUMMY1_1753;1;10
DUMMY1_1754;1;7
DUMMY1_1755;1;6
DUMMY1_1756;1;8
DUMMY1_1757;1;8
DUMMY1_1758;1;4
DUMMY1_1759;1;1
DUMMY1_1760;2;8
DUMMY1_1761;1;10
DUMMY1_1762;1;2
DUMMY1_1763;1;5
DUMMY1_1764;1;3
DUMMY1_1765;1;8
DUMMY1_1766;1;5
DUMMY1_1767;1;7
DUMMY1_1768;1;9
DUMMY1_1769;1;6
DUMMY1_1770;1;8
DUMMY1_1771;1;7
DUMMY1_1772;1;0
DUMMY1_1773;1;0
DUMMY1_1774;1;4
DUMMY1_1775;1;0
DUMMY1_1776;1;0
DUMMY1_1777;2;10
DUMMY1_1778;1;9
DUMMY1_1779;1;0
DUMMY1_1780;1;0
DUMMY1_1781;1;2
DUMMY1_1782;1;0
DUMMY1_1783;1;3
DUMMY1_1784;1;0
DUMMY1_1785;1;0
DUMMY1_1786;1;8
DUMMY1_1787;1;0
DUMMY1_1788;1;0
DUMMY1_1789;1;0
DUMMY1_1790;1;4
DUMMY1_1791;1;0
DUMMY1_1792;1;0
DUMMY1_1793;1;5
DUMMY1_1794;2;5
DUMMY1_1795;1;6
DUMMY1_1796;1;0
DUMMY1_1797;1;4
DUMMY1_1798;1;8
DUMMY1_1799;1;1
DUMMY1_1800;1;0
DUMMY1_1801;2;5
DUMMY1_1802;1;0
DUMMY1_1803;1;0
DUMMY1_1804;1;0
DUMMY1_1805;1;0
DUMMY1_1806;1;6
DUMMY1_1807;1;8
DUMMY1_1808;1;9
DUMMY1_1809;1;3
DUMMY1_1810;1;3
DUMMY1_1811;1;0
DUMMY1_1812;1;10
DUMMY1_1813;1;6
DUMMY1_1814;1;9
DUMMY1_1815;1;0
DUMMY1_1816;1;6
DUMMY1_1817;1;0
DUMMY1_1818;1;2
DUMMY1_1819;1;10
DUMMY1_1820;1;4
DUMMY1_1821;1;1
DUMMY1_1822;1;1
DUMMY1_1823;1;5
DUMMY1_1824;1;4
DUMMY1_1825;1;0
DUMMY1_1826;1;0
DUMMY1_1827;1;3
DUMMY1_1828;1;8
DUMMY1_1829;1;3
DUMMY1_1830;1;6
DUMMY1_1831;1;1
DUMMY1_1832;1;3
DUMMY1_1833;1;3
DUMMY1_1834;1;0
DUMMY1_1835;1;9
DUMMY1_1836;1;0
DUMMY1_1837;1;9
DUMMY1_1838;1;8
DUMMY1_1839;1;4
DUMMY1_1840;1;9
DUMMY1_1841;1;4
DUMMY1_1842;1;6
DUMMY1_1843;1;3
DUMMY1_1844;1;5
DUMMY1_1845;1;0
DUMMY1_1846;1;0
DUMMY1_1847;1;1
DUMMY1_1848;1;9
DUMMY1_1849;1;1
DUMMY1_1850;1;7
DUMMY1_1851;1;0
DUMMY1_1852;2;10
DUMMY1_1853;1;0
DUMMY1_1854;1;6
DUMMY1_1855;1;3
DUMMY1_1856;1;8
DUMMY1_1857;1;5
DUMMY1_1858;1;7
DUMMY1_1859;2;0
DUMMY1_1860;1;1
DUMMY1_1861;2;2
DUMMY1_1862;1;2
DUMMY1_1863;1;0
DUMMY1_1864;1;4
DUMMY1_1865;1;10
DUMMY1_1866;1;7
DUMMY1_1867;1;0
DUMMY1_1868;1;9
DUMMY1_1869;1;0
DUMMY1_1870;1;0
DUMMY1_1871;1;0
DUMMY1_1872;2;1
DUMMY1_1873;1;7
DUMMY1_1874;1;9
DUMMY1_1875;1;10
DUMMY1_1876;1;3
DUMMY1_1877;1;0
DUMMY1_1878;1;3
DUMMY1_1879;1;0
DUMMY1_1880;2;0
DUMMY1_1881;1;10
DUMMY1_1882;1;9
DUMMY1_1883;1;2
DUMMY1_1884;1;7
DUMMY1_1885;1;8
DUMMY1_1886;1;0
DUMMY1_1887;1;7
DUMMY1_1888;1;9
DUMMY1_1889;1;2
DUMMY1_1890;1;5
DUMMY1_1891;1;0
DUMMY1_1892;1;0
DUMMY1_1893;1;0
DUMMY1_1894;1;10
DUMMY1_1895;1;9
DUMMY1_1896;2;0
DUMMY1_1897;1;7
DUMMY1_1898;1;6
DUMMY1_1899;1;9
DUMMY1_1900;1;0
DUMMY1_1901;1;1
DUMMY1_1902;1;5
DUMMY1_1903;1;5
DUMMY1_1904;1;1
DUMMY1_1905;1;6
DUMMY1_1906;1;0
DUMMY1_1907;1;4
DUMMY1_1908;1;0
DUMMY1_1909;1;10
DUMMY1_1910;1;0
DUMMY1_1911;1;0
DUMMY1_1912;1;0
DUMMY1_1913;1;0
DUMMY1_1914;1;8
DUMMY1_1915;1;2
DUMMY1_1916;1;5
DUMMY1_1917;1;3
DUMMY1_1918;1;9
DUMMY1_1919;1;0
DUMMY1_1920;1;0
DUMMY1_1921;1;4
DUMMY1_1922;1;3
DUMMY1_1923;1;2
DUMMY1_1924;1;2
DUMMY1_1925;1;1
DUMMY1_1926;1;9
DUMMY1_1927;1;1
DUMMY1_1928;1;0
DUMMY1_1929;2;3
DUMMY1_1930;1;7
DUMMY1_1931;1;0
DUMMY1_1932;1;4
DUMMY1_1933;1;4
DUMMY1_1934;1;9
DUMMY1_1935;1;0
DUMMY1_1936;1;0
DUMMY1_1937;1;10
DUMMY1_1938;1;8
DUMMY1_1939;1;1
DUMMY1_1940;1;2
DUMMY1_1941;1;8
DUMMY1_1942;1;0
DUMMY1_1943;1;4
DUMMY1_1944;1;0
DUMMY1_1945;1;6
DUMMY1_1946;2;6
DUMMY1_1947;1;3
DUMMY1_1948;2;0
DUMMY1_1949;1;4
DUMMY1_1950;1;2
DUMMY1_1951;1;0
DUMMY1_1952;1;5
DUMMY1_1953;1;9
DUMMY1_1954;1;0
DUMMY1_1955;1;2
DUMMY1_1956;1;3
DUMMY1_1957;1;0
DUMMY1_1958;1;8
DUMMY1_1959;1;3
DUMMY1_1960;1;0
DUMMY1_1961;1;2
DUMMY1_1962;1;2
DUMMY1_1963;1;0
DUMMY1_1964;1;0
DUMMY1_1965;1;1
DUMMY1_1966;1;0
DUMMY1_1967;2;5
DUMMY1_1968;1;1
DUMMY1_1969;1;4
DUMMY1_1970;1;3
DUMMY1_1971;1;5
DUMMY1_1972;1;5
DUMMY1_1973;1;1
DUMMY1_1974;1;2
DUMMY1_1975;1;1
DUMMY1_1976;1;3
DUMMY1_1977;1;9
DUMMY1_1978;1;0
DUMMY1_1979;1;9
DUMMY1_1980;1;2
DUMMY1_1981;1;0
DUMMY1_1982;1;0
DUMMY1_1983;2;6
DUMMY1_1984;1;0
DUMMY1_1985;1;3
DUMMY1_1986;1;0
DUMMY1_1987;1;0
DUMMY1_1988;1;4
DUMMY1_1989;1;0
DUMMY1_1990;1;8
DUMMY1_1991;1;10
DUMMY1_1992;1;10
DUMMY1_1993;1;3
DUMMY1_1994;1;2
DUMMY1_1995;1;0
DUMMY1_1996;1;5
DUMMY1_1997;1;1
DUMMY1_1998;1;1
DUMMY1_1999;1;9
DUMMY1_2000;1;0
